종가,52주최고,고점대비%,신고가갱신,OBV위치%,5일수익%,20일수익%,거래량배수,20일선위,60일선위,데이터일수,A_신고가임박,B_OBV신고가,C_연속양봉,티커,종목명,시총(억),거래대금(억)
63500.0,92000.0,-30.98,False,93.8,14.83,26.49,1.64,True,True,322,False,False,False,403870,HPSP,51931.3,1700.383127
1137000.0,2189000.0,-48.06,False,83.1,0.35,9.64,0.84,True,True,322,False,False,False,402340,SK스퀘어,1482825.73752,2320.527415
1519000.0,2417000.0,-37.15,False,95.5,6.08,4.18,0.8,True,True,322,False,False,False,009150,삼성전기,1131609.4944,4541.033835
232000.0,283000.0,-18.02,False,99.0,11.27,31.07,0.99,True,True,322,False,False,False,036930,주성엔지니어링,107603.795115,1930.2207125
269500.0,374500.0,-28.04,False,97.7,-2.0,3.65,0.91,True,True,322,False,False,False,005930,삼성전자,15755720.84856,19709.496275
1785000.0,2987000.0,-40.24,False,94.4,-5.0,6.63,0.9,True,True,322,False,False,False,000660,SK하이닉스,13031983.7916,30239.191625
14990.0,25700.0,-41.67,False,100.0,8.78,72.3,3.11,True,True,322,False,True,False,072950,빛샘전자,1209.502022,1449.3658665
667000.0,1430000.0,-53.36,False,0.0,-7.62,-14.6,3.47,False,False,322,False,False,False,267260,HD현대일렉트릭,240794.8618,1307.502985
34100.0,55934.0,-39.04,False,100.0,22.66,0.74,2.29,True,True,322,False,True,False,009830,한화솔루션,77138.139848,1322.87675225
14970.0,23550.0,-36.43,False,100.0,7.23,14.01,2.66,True,True,322,False,True,True,093370,후성,16131.201632,1132.2799025
131300.0,187800.0,-30.09,False,80.6,0.31,17.76,0.95,True,True,322,False,False,False,240810,원익IPS,64545.329815,881.8264275
26700.0,59600.0,-55.2,False,98.9,-1.66,57.24,1.39,True,True,322,False,False,False,043260,성호전자,19768.384176,1123.70213575
564000.0,1788000.0,-68.46,False,57.0,7.43,-12.15,1.06,True,False,322,False,False,False,011070,LG이노텍,131352.44385,1015.80574
150400.0,196800.0,-23.58,False,97.4,2.8,33.45,0.83,True,True,322,False,False,False,001820,삼화콘덴서,15571.71,1028.073563
17690.0,40350.0,-56.16,False,99.8,-4.27,-2.75,0.69,False,True,322,False,False,False,047040,대우건설,73141.559564,819.44283285
38750.0,83300.0,-53.48,False,73.8,18.14,-0.64,2.45,True,True,322,False,False,True,178320,서진시스템,24788.437221,780.08008025
16740.0,31500.0,-46.86,False,97.3,-7.31,19.91,0.39,True,True,322,False,False,False,010170,대한광통신,25903.910956,752.9330629
214000.0,438000.0,-51.14,False,84.0,5.42,-1.15,0.93,True,True,322,False,False,False,066570,LG전자,350201.9717,777.9700475
514000.0,723000.0,-28.91,False,90.9,-4.1,-10.92,0.6,False,True,322,False,False,False,006400,삼성SDI,413403.7689,691.21788
41450.0,69200.0,-40.1,False,56.0,29.94,16.43,1.17,True,True,322,False,False,False,028300,HLB,55410.460768,690.71864275
78200.0,138000.0,-43.33,False,98.4,3.03,0.0,0.99,True,True,322,False,False,False,080220,제주반도체,26658.752742,684.663801
133500.0,198000.0,-32.58,False,96.4,29.74,18.46,0.88,True,True,322,False,False,False,353200,대덕전자,64686.754825,677.0661395
79100.0,131800.0,-39.98,False,91.6,22.64,13.0,7.97,True,True,322,False,False,True,457190,이수스페셜티케미컬,23933.346624,665.4302765
348000.0,783000.0,-55.56,False,59.6,-3.73,-13.75,0.92,False,False,322,False,False,False,005380,현대차,705011.39478,673.50226
81500.0,139200.0,-41.45,False,69.5,-5.78,-1.21,0.49,False,True,322,False,False,False,034020,두산에너빌리티,520776.211698,668.121788
3525.0,5940.0,-40.66,False,92.7,4.6,0.43,8.89,True,True,322,False,False,False,018880,한온시스템,35764.8592687,665.63739057
34850.0,41500.0,-16.02,False,82.1,-4.39,3.11,0.87,False,True,322,False,False,False,316140,우리금융지주,256033.3285575,612.00114425
169600.0,194500.0,-12.8,False,77.7,-4.67,-2.14,0.91,False,False,322,True,False,False,105560,KB금융,607225.400608,601.6875065
255500.0,426000.0,-40.02,False,97.7,6.9,15.87,0.65,True,True,322,False,False,False,042700,한미반도체,241616.427,574.0623475
8120.0,9170.0,-11.45,False,100.0,12.15,52.35,2.48,True,True,322,True,True,False,053260,금강철강,1533.168,542.0641832
5320.0,6240.0,-14.74,False,53.0,36.24,31.68,9.87,True,True,322,True,False,False,052260,현대바이오랜드,1566.0,536.374805
106600.0,116500.0,-8.5,False,70.6,-5.83,-2.11,1.39,False,False,322,True,False,False,055550,신한지주,505597.907403,503.4906945
32050.0,32500.0,-1.38,False,89.6,10.33,14.06,0.9,True,True,322,True,False,True,003490,대한항공,116910.0433575,484.38516275
29800.0,75900.0,-60.74,False,83.9,-1.49,1.36,0.9,True,True,322,False,False,False,001440,대한전선,58503.789906,483.1429445
13960.0,32725.0,-57.34,False,89.4,0.94,20.14,3.8,True,True,322,False,False,False,417200,LS머트리얼즈,9599.9123121,456.09651435
2830.0,4720.0,-40.04,False,100.0,28.05,26.06,23.94,True,True,322,False,True,True,267320,나인테크,1624.8528485,454.8250861
193600.0,304000.0,-36.32,False,69.6,-2.42,-10.78,0.74,False,False,322,False,False,False,035420,NAVER,294302.604015,457.454261
11690.0,21350.0,-45.25,False,87.7,16.67,56.7,1.61,True,True,322,False,False,False,115440,우리넷,1285.6001772,448.24318845
11780.0,20503.0,-42.54,False,74.1,59.84,65.68,7.74,True,True,322,False,False,False,047920,HLB제약,3896.5634928,440.110375
18260.0,51300.0,-64.41,False,94.2,16.98,18.65,2.9,True,True,184,False,False,False,490470,세미파이브,6151.799552,408.42729485
588000.0,883000.0,-33.41,False,89.7,1.73,7.89,1.16,True,True,322,False,False,False,034730,SK,424140.81255,429.39207
149000.0,164700.0,-9.53,False,54.6,6.28,18.73,0.45,True,True,322,True,False,False,096770,SK이노베이션,251719.601332,432.6960695
342500.0,565000.0,-39.38,False,72.9,-7.06,-9.03,0.77,False,False,322,False,False,False,028260,삼성물산,557045.640735,424.1876025
130500.0,142500.0,-8.42,False,93.9,-3.83,-4.26,1.34,False,False,322,True,False,False,086790,하나금융지주,355512.52192,423.8075295
19780.0,35350.0,-44.05,False,41.3,-4.67,-5.36,1.04,False,False,322,False,False,False,010140,삼성중공업,175032.0,419.47163625
137200.0,230500.0,-40.48,False,98.4,3.31,44.42,0.73,True,True,322,False,False,False,000990,DB하이텍,58600.680036,405.954916
47400.0,58500.0,-18.97,False,100.0,4.98,33.33,0.76,True,True,322,False,True,False,067310,하나마이크론,31217.4629955,405.6046535
49700.0,63420.0,-21.63,False,98.4,0.51,35.24,0.96,True,True,322,False,False,False,327260,RF머트리얼즈,9065.653632,397.3973945
12320.0,20850.0,-40.91,False,94.7,11.29,40.0,0.88,True,True,322,False,False,False,012210,삼미금속,2844.5648486,372.9662999
10730.0,11640.0,-7.82,False,98.6,1.13,88.25,0.74,True,True,322,True,False,True,036540,SFA반도체,17465.6841786,382.70275265
1008000.0,1655000.0,-39.09,False,57.2,-6.15,-8.53,0.62,False,False,322,False,False,False,012450,한화에어로스페이스,521305.98411,381.33492
433000.0,765000.0,-43.4,False,4.8,-4.2,-3.67,0.59,False,False,322,False,False,False,329180,HD현대중공업,457106.134875,352.9125375
256000.0,437818.0,-41.53,False,5.9,0.0,-16.75,0.42,False,False,322,False,False,False,196170,알테오젠,179710.24314,356.869535
355500.0,527000.0,-32.54,False,63.4,0.0,-5.95,0.6,False,True,322,False,False,False,373220,LG에너지솔루션,831870.0,351.98532
115300.0,164400.0,-29.87,False,87.6,4.44,1.14,0.87,True,True,322,False,False,False,007660,이수페타시스,84347.192631,349.320557
128800.0,256000.0,-49.69,False,92.7,7.6,-9.49,1.27,False,True,322,False,False,False,322000,HD현대에너지솔루션,14369.6,342.2441035
150100.0,164200.0,-8.59,False,99.1,14.06,16.09,0.52,True,True,322,True,False,False,222800,심텍,57226.490162,342.9485975
14160.0,30300.0,-53.27,False,100.0,9.26,59.82,3.26,True,True,322,False,True,True,425040,티이엠씨,3091.128618,340.9385433
14660.0,24150.0,-39.3,False,100.0,2.59,35.62,1.03,True,True,322,False,True,False,232140,와이씨,12019.643775,340.4399461
1370000.0,2489000.0,-44.96,False,87.0,-5.19,8.47,0.54,True,True,322,False,False,False,000150,두산,223312.98465,337.667505
222500.0,414000.0,-46.26,False,85.6,15.28,-19.82,0.8,True,False,322,False,False,False,010060,OCI홀딩스,41821.31968,334.86638
49100.0,94400.0,-47.99,False,56.4,-2.77,3.48,1.19,True,True,322,False,False,False,082740,한화엔진,41139.441006,333.785493
2788000.0,4742000.0,-41.21,False,57.7,-4.46,-5.91,0.79,False,False,322,False,False,False,298040,효성중공업,260154.8892,332.714995
112900.0,282000.0,-59.96,False,8.0,-6.31,-17.11,1.71,False,False,322,False,False,False,064350,현대로템,123330.79109,324.6677435
281500.0,516500.0,-45.5,False,48.7,-4.09,-8.01,0.83,False,False,322,False,False,False,032830,삼성생명,563000.0,325.9660275
388000.0,822000.0,-52.8,False,11.5,3.6,-14.44,1.25,False,False,322,False,False,False,012330,현대모비스,328294.238175,324.028345
364000.0,475000.0,-23.37,False,78.3,-0.68,-21.64,0.75,False,False,322,False,False,False,278470,에이피알,134964.548775,319.41745
113800.0,212500.0,-46.45,False,63.7,-5.48,-13.13,1.13,False,False,322,False,False,False,000270,기아,445851.643716,320.9633985
13520.0,37300.0,-63.75,False,99.9,-1.1,26.95,2.59,True,True,322,False,False,False,452280,한선엔지니어링,2592.661149,319.4157526
212000.0,341000.0,-37.83,False,71.0,2.42,8.11,0.89,True,True,322,False,False,False,062040,산일전기,64962.842,284.401995
63000.0,122100.0,-48.4,False,90.9,13.51,11.5,1.06,True,False,322,False,False,False,089970,브이엠,16743.82254,305.95657
74800.0,184000.0,-59.35,False,86.0,-3.11,2.19,1.24,True,True,322,False,False,False,272210,한화시스템,142445.219306,292.884429
517000.0,623000.0,-17.01,False,87.9,6.16,27.97,0.78,True,True,322,False,False,False,039030,이오테크닉스,63692.0735,303.153665
47900.0,67300.0,-28.83,False,96.9,-8.24,1.7,0.57,False,True,322,False,False,False,028050,삼성E&A,93786.0,281.35466925
177900.0,239244.0,-25.64,False,39.7,-2.09,-5.82,0.86,False,False,322,False,False,False,068270,셀트리온,415919.510688,277.9398525
167700.0,236500.0,-29.09,False,83.6,12.1,17.68,0.72,True,True,322,False,False,False,095610,테스,32331.2,276.442229
500000.0,647000.0,-22.72,False,93.9,-1.19,1.52,0.59,True,True,322,False,False,False,128940,한미약품,64311.17482,274.3172225
48150.0,72200.0,-33.31,False,92.7,12.76,13.03,2.55,True,True,322,False,False,False,005290,동진쎄미켐,24414.690354,273.13645
18510.0,22250.0,-16.81,False,100.0,22.26,33.17,1.7,True,True,322,False,True,False,417840,저스템,4297.9133513,262.02786615
79000.0,154800.0,-48.97,False,60.4,-4.24,-10.23,1.0,False,False,322,False,False,False,042660,한화오션,242372.994654,272.319605
1394000.0,1987000.0,-29.84,False,50.0,-0.64,-8.17,1.3,False,False,322,False,False,False,207940,삼성바이오로직스,648999.13302,270.30865
57800.0,94000.0,-38.51,False,100.0,26.2,17.96,2.2,True,True,322,False,True,False,323280,태성,17544.06951,246.1819465
52200.0,74000.0,-29.46,False,100.0,8.07,5.24,1.12,True,True,322,False,True,False,089030,테크윙,19008.519885,251.206621
324500.0,494500.0,-34.38,False,3.8,-4.14,-6.89,1.18,False,False,322,False,False,False,009540,HD한국조선해양,230012.627,256.5169
1483.0,2970.0,-50.07,False,100.0,28.29,36.18,11.33,True,True,322,False,True,False,008970,KBI동양철관,1538.86323081,243.77480497
18200.0,30550.0,-40.43,False,98.1,0.89,54.11,0.31,True,True,322,False,False,False,356680,엑스게이트,5226.3133852,239.8169475
82300.0,129400.0,-36.4,False,85.6,25.65,25.27,0.8,True,True,322,False,False,False,440110,파두,41040.931113,237.6614185
148500.0,219500.0,-32.35,False,73.4,7.38,16.29,0.73,True,True,322,False,False,False,319660,피에스케이,42986.603576,231.9092525
314500.0,352860.0,-10.87,False,96.3,-3.53,49.76,0.3,True,True,322,True,False,False,000500,가온전선,93055.021875,239.207125
45800.0,108900.0,-57.94,False,90.4,-5.95,1.44,0.55,False,True,322,False,False,False,336260,두산퓨얼셀,30192.607686,228.06573325
3240.0,6180.0,-47.57,False,73.0,12.11,22.26,1.67,True,True,322,False,False,False,256840,한국비엔씨,2198.8955849,228.99886322
92100.0,204500.0,-54.96,False,85.6,8.74,48.31,2.07,True,True,322,False,False,False,126340,비나텍,6659.833985,229.015243
205000.0,335000.0,-38.81,False,68.3,-2.84,-1.2,0.59,True,True,322,False,False,False,010120,LS ELECTRIC,308250.0,226.9629175
287500.0,464000.0,-38.04,False,98.3,-6.66,11.65,0.29,False,True,322,False,False,False,108490,로보티즈,42094.37036,220.1917025
73800.0,129000.0,-42.79,False,76.2,4.83,10.81,0.72,True,True,322,False,False,False,058470,리노공업,56091.9216,219.070627
117800.0,198400.0,-40.62,False,88.4,-6.73,-4.46,0.4,False,True,322,False,False,False,000720,현대건설,131511.158465,218.807931
145400.0,165900.0,-12.36,False,88.8,-0.34,-9.18,0.92,False,True,322,True,False,False,161890,한국콜마,34675.858113,217.7529895
80500.0,190000.0,-57.63,False,90.9,0.25,-11.83,0.85,False,False,322,False,False,False,086520,에코프로,109028.250056,217.2770945
138100.0,169000.0,-18.28,False,47.8,-4.56,-6.18,1.31,False,True,322,False,False,False,090430,아모레퍼시픽,81187.949492,217.0879515
74400.0,148300.0,-49.83,False,98.9,40.64,21.37,0.74,True,True,322,False,False,False,007810,코리아써키트,17795.10404,210.3010795
85800.0,139500.0,-38.49,False,67.0,-1.83,-8.92,0.52,False,False,322,False,False,False,017670,SK텔레콤,184075.075421,211.777234
306500.0,542000.0,-43.45,False,63.7,-4.07,-9.45,0.73,False,False,322,False,False,False,005490,POSCO홀딩스,242082.864985,209.30084
407000.0,530000.0,-23.21,False,86.4,18.49,18.83,3.13,True,True,322,False,False,False,357780,솔브레인,31308.72815,207.3034675
179000.0,299500.0,-40.23,False,78.6,-0.22,-10.72,0.57,False,True,322,False,False,False,003670,포스코퓨처엠,160458.98088,208.042759
161400.0,177100.0,-8.87,False,66.3,4.87,7.53,0.59,True,True,322,True,False,False,010950,S-Oil,182384.12304,206.2795515
633000.0,757000.0,-16.38,False,65.2,-3.21,-4.81,0.68,False,False,322,False,False,False,000810,삼성화재,283064.97882,199.969195
30850.0,45000.0,-31.44,False,99.1,7.68,8.44,0.85,True,True,322,False,False,False,098460,고영,21006.897604,199.9647475
22300.0,30100.0,-25.91,False,55.1,-11.86,11.5,1.03,True,True,322,False,False,False,204270,제이앤티씨,12929.132151,193.91678975
57300.0,91200.0,-37.17,False,99.4,-1.72,6.7,0.19,True,True,322,False,False,False,047050,포스코인터내셔널,100627.834736,193.571255
177500.0,300500.0,-40.93,False,35.6,-3.85,-7.65,1.38,False,False,322,False,False,False,071050,한국금융지주,99025.087784,190.9520035
5350.0,7560.0,-29.23,False,78.7,-7.12,-7.28,1.25,False,True,322,False,False,False,088350,한화생명,46900.62,187.75226485
251000.0,437500.0,-42.63,False,33.1,-4.02,-10.36,0.87,False,False,322,False,False,False,051910,LG화학,176833.819215,187.3415125
112300.0,225000.0,-50.09,False,70.7,3.22,-23.45,0.46,False,True,322,False,False,False,066970,엘앤에프,45690.584632,184.57742
14620.0,23000.0,-36.43,False,100.0,5.26,15.94,1.77,True,True,322,False,True,False,092790,넥스틸,3736.4874,172.38401975
83000.0,147900.0,-43.88,False,97.1,12.31,16.57,0.88,True,True,322,False,False,False,103590,일진전기,39340.44675,180.7518825
56800.0,59000.0,-3.73,False,100.0,7.17,23.21,0.6,True,True,322,True,True,False,119850,지엔씨에너지,9458.122675,180.3971035
168100.0,231500.0,-27.39,False,86.6,17.96,26.11,1.07,True,True,322,False,False,False,084370,유진테크,38430.202434,173.1858025
308000.0,634000.0,-51.42,False,28.5,-5.52,-27.7,1.03,False,False,322,False,False,False,214450,파마리서치,32104.01232,172.3055575
98800.0,184400.0,-46.42,False,84.6,11.14,9.41,2.75,True,True,322,False,False,False,011790,SKC,47862.35757,166.0149785
213000.0,292500.0,-27.18,False,85.3,6.82,25.66,0.81,True,True,322,False,False,False,095340,ISC,44619.80709,163.01352
176600.0,192400.0,-8.21,False,100.0,1.73,-0.84,1.12,True,True,322,True,True,False,033780,KT&G,183640.696664,163.0121535
39350.0,64900.0,-39.37,False,100.0,19.6,44.14,1.28,True,True,322,False,True,False,161580,필옵틱스,9072.149589,161.9522395
267500.0,306500.0,-12.72,False,72.1,-2.55,-10.83,0.81,False,True,322,True,False,False,192820,코스맥스,30984.15957,157.78571
309000.0,604000.0,-48.84,False,67.0,-5.36,-0.8,0.92,False,True,322,False,False,False,006260,LS,96408.0,155.07506
34050.0,44850.0,-24.08,False,96.9,-7.47,-6.2,0.42,False,True,322,False,False,False,006360,GS건설,29311.660325,153.70302275
13400.0,21100.0,-36.49,False,91.0,8.33,28.85,2.0,True,True,322,False,False,False,077360,덕산하이메탈,5893.1791594,153.5290758
14360.0,22950.0,-37.43,False,100.0,24.65,25.74,10.79,True,True,322,False,True,False,002710,TCC스틸,3357.9745857,152.17486655
107100.0,133200.0,-19.59,False,78.1,-5.72,-15.74,0.8,False,True,322,False,False,False,078930,GS,99491.075145,149.897652
49650.0,87700.0,-43.39,False,95.4,-1.88,-9.73,0.52,False,False,322,False,False,False,475150,SK이터닉스,16999.434996,146.19449275
9310.0,12800.0,-27.27,False,100.0,8.13,11.9,1.19,True,True,322,False,True,False,441270,파인엠텍,3983.955855,145.30840865
6090.0,10590.0,-42.49,False,100.0,25.83,54.57,0.83,True,True,322,False,True,False,452190,한빛레이저,1425.6651972,144.76901805
3930.0,5330.0,-26.27,False,100.0,46.92,45.56,8.39,True,True,322,False,True,False,067630,HLB생명과학,4876.68232,148.2390844
4165.0,20800.0,-79.98,False,94.6,18.49,79.91,2.1,True,True,197,False,False,False,950250,테라뷰,1452.8651324,143.35460546
681000.0,1118000.0,-39.09,False,71.4,-7.09,-1.87,0.48,False,False,322,False,False,False,079550,LIG디펜스앤에어로스페이스,149600.0,148.220615
122800.0,198000.0,-37.98,False,96.7,-6.47,5.5,0.22,False,True,322,False,False,False,052690,한전기술,47010.6,142.6088105
1211000.0,1605000.0,-24.55,False,32.4,-5.46,-20.9,0.46,False,False,322,False,False,False,003230,삼양식품,91676.79255,142.601045
185400.0,214000.0,-13.36,False,41.7,-2.06,2.37,0.96,False,True,322,True,False,False,005830,DB손해보험,121372.146697,138.905564
13000.0,20300.0,-35.96,False,99.8,-5.11,-4.55,0.52,False,False,322,False,False,False,006340,대원전선,10193.87408,138.43048335
12290.0,30200.0,-59.3,False,95.5,-9.23,5.95,0.22,False,True,322,False,False,False,032820,우리기술,21304.3426596,133.3336872
47800.0,54700.0,-12.61,False,84.9,-2.05,-6.09,1.13,False,True,322,True,False,False,001450,현대해상,41217.528875,137.80109925
270000.0,335500.0,-19.52,False,27.3,-9.7,-13.74,1.41,False,False,322,False,False,False,051900,LG생활건강,40284.15687,135.130045
8490.0,22500.0,-62.27,False,99.0,9.41,11.71,0.53,False,True,62,False,False,False,0039P0,매드업,1591.10604,127.87725105
33600.0,69700.0,-51.79,False,18.2,0.6,-8.07,0.58,False,False,322,False,False,False,035720,카카오,148847.967408,133.33306525
68900.0,153300.0,-55.06,False,51.2,-1.29,-10.75,0.64,False,False,322,False,False,False,064400,LG씨엔에스,66851.30412,131.232572
108900.0,255907.0,-57.45,False,67.1,4.81,-8.41,0.7,True,True,322,False,False,False,247540,에코프로비엠,105754.699154,131.6581145
88600.0,163000.0,-45.64,False,18.0,0.57,0.68,1.19,True,False,322,False,False,False,016360,삼성증권,79744.9,133.268979
18740.0,23300.0,-19.57,False,57.0,7.09,-2.34,2.94,True,False,322,False,False,True,030000,제일기획,21466.692585,132.6711537
97800.0,196900.0,-50.33,False,75.3,2.19,21.95,0.58,True,True,322,False,False,False,131970,두산테스나,18573.475718,127.1979025
178600.0,186000.0,-3.98,False,98.9,5.06,43.11,0.65,True,True,322,True,False,False,031980,피에스케이홀딩스,38747.623815,126.798964
23100.0,39950.0,-42.18,False,98.1,4.05,46.02,0.75,True,True,322,False,False,False,456010,아이씨티케이,3357.294025,123.7217715
261500.0,346500.0,-24.53,False,83.3,19.68,26.33,1.78,True,True,322,False,False,True,014680,한솔케미칼,28496.25504,124.7222675
172500.0,1233000.0,-86.01,False,30.4,6.88,2.74,1.31,True,True,322,False,False,False,000250,삼천당제약,40487.596672,122.226548
20400.0,50400.0,-59.52,False,99.2,-6.85,-13.19,0.72,False,False,322,False,False,False,319400,현대무벡스,22776.3999755,119.53225525
31950.0,44300.0,-27.88,False,100.0,13.5,55.1,1.46,True,True,322,False,True,False,078350,한양디지텍,4672.403083,121.79521925
9280.0,13100.0,-29.16,False,100.0,14.15,52.13,3.51,True,True,322,False,True,False,200470,에이팩트,3922.208262,120.2155766
38300.0,56100.0,-31.73,False,23.7,-6.93,-29.34,0.54,False,False,322,False,False,False,257720,실리콘투,25312.433272,115.051514
29100.0,38500.0,-24.42,False,10.8,-7.18,2.65,1.34,False,True,322,False,False,False,175330,JB금융지주,53811.546224,118.63633025
218500.0,388500.0,-43.76,False,86.8,-2.89,-8.96,0.72,False,True,322,False,False,False,018260,삼성에스디에스,168683.604,118.57006
45650.0,67608.0,-32.48,False,100.0,18.73,8.69,0.63,True,True,322,False,True,False,356860,티엘비,10748.52141,114.55841325
348500.0,773000.0,-54.92,False,89.9,5.45,-9.95,0.63,True,False,208,False,False,False,0126Z0,삼성에피스홀딩스,87588.33248,114.2541225
4115.0,8100.0,-49.2,False,100.0,0.12,45.15,0.18,True,True,322,False,True,False,069540,빛과전자,4580.92561305,114.25588599
30900.0,87800.0,-64.81,False,64.6,-3.44,-10.95,0.69,False,False,322,False,False,False,006800,미래에셋증권,170237.0994885,110.68209225
26450.0,50600.0,-47.73,False,98.7,-2.04,40.84,0.2,True,True,322,False,False,False,030530,원익홀딩스,20352.2079935,112.63390325
58500.0,126900.0,-53.9,False,92.3,-3.47,24.73,0.42,True,True,322,False,False,False,218410,RFHIC,15626.359896,109.063803
53800.0,58100.0,-7.4,False,95.1,6.11,61.32,0.8,True,True,322,True,False,False,064290,인텍플러스,6699.067826,108.2196555
16700.0,37000.0,-54.86,False,77.5,13.3,17.28,0.96,True,True,322,False,False,False,033160,엠케이전자,4153.7822078,106.81166695
30050.0,69500.0,-56.76,False,35.0,-2.91,-5.8,0.55,False,False,322,False,False,False,015760,한국전력,193873.151254,106.65303525
198100.0,296000.0,-33.07,False,73.3,-2.89,-4.53,0.86,False,False,322,False,False,False,086280,현대글로비스,148875.0,104.2263105
6200.0,11760.0,-47.28,False,99.8,-2.52,4.38,0.54,True,True,322,False,False,False,024840,KBI메탈,2677.5282072,103.64597935
156800.0,405500.0,-61.33,False,2.4,-4.04,-12.6,0.67,False,False,322,False,False,False,352820,하이브,68195.014552,101.34967
5920.0,10150.0,-41.67,False,100.0,9.23,10.86,4.17,True,True,322,False,True,True,382800,지앤비에스 에코,1820.7355452,101.13339095
12310.0,17700.0,-30.45,False,99.9,18.82,22.12,11.63,True,True,322,False,False,False,112290,와이씨켐,2507.41516,100.68117515
203000.0,333000.0,-39.04,False,44.2,-3.79,-7.31,0.77,False,False,322,False,False,False,267250,HD현대,159960.997125,99.824315
35450.0,35750.0,-0.84,False,100.0,3.96,5.51,1.8,True,True,322,True,True,False,096530,씨젠,16520.611107,100.459345
33800.0,44000.0,-23.18,False,99.4,4.81,14.19,1.07,True,True,322,False,False,False,122640,예스티,7307.3221875,99.17958825
51400.0,121064.0,-57.54,False,81.7,12.47,-0.05,2.08,True,False,322,False,False,False,290650,엘앤씨바이오,13754.54904,99.0962075
114100.0,155500.0,-26.62,False,81.1,-12.5,-23.83,2.11,False,True,322,False,False,False,241710,코스메카코리아,12602.4,97.97096
196000.0,322000.0,-39.13,False,66.4,-2.24,-13.66,1.44,False,False,322,False,False,False,259960,크래프톤,89857.979916,95.143098
11530.0,28700.0,-59.83,False,73.5,6.96,-5.8,2.66,True,False,322,False,False,True,281740,레이크머티리얼즈,7605.0244036,95.7748882
287000.0,318500.0,-9.89,False,98.7,6.49,21.1,0.4,True,True,322,True,False,False,131290,티에스이,31580.379795,96.9859625
3410.0,7170.0,-52.44,False,88.2,-12.79,-17.23,6.08,False,False,322,False,False,False,290690,아리바이오홀딩스,1820.3972115,94.34952329
48450.0,49900.0,-2.91,False,99.1,27.0,101.87,0.67,True,True,322,True,False,False,092870,엑시콘,6297.0095525,94.56533375
131100.0,392500.0,-66.6,False,29.4,-17.91,-28.44,0.79,False,False,322,False,False,False,087010,펩트론,31198.6143,93.8079485
77800.0,106600.0,-27.02,False,92.5,-8.9,8.06,0.59,False,True,322,False,False,False,375500,DL이앤씨,30297.106809,92.487222
110900.0,185900.0,-40.34,False,57.6,-1.07,-7.12,0.61,False,True,322,False,False,False,003550,LG,170242.196504,93.764857
9560.0,22450.0,-57.42,False,98.1,-12.93,27.47,0.14,True,True,322,False,False,False,017900,광전자,5504.657485,91.500917
126300.0,215500.0,-41.39,False,77.9,-2.85,-3.59,0.54,False,False,322,False,False,False,047810,한국항공우주,123988.336104,91.0939725
3390.0,3980.0,-14.82,False,100.0,3.51,31.4,1.16,True,True,322,True,True,False,005160,동국산업,1822.6145952,90.98241621
88500.0,124800.0,-29.09,False,94.4,11.88,29.39,0.72,True,True,322,False,False,False,281820,케이씨텍,17264.432392,90.485143
4880.0,8470.0,-42.38,False,100.0,10.16,13.89,3.03,True,True,322,False,True,False,014280,금강공업,1460.6019786,90.44297809
15930.0,23050.0,-30.89,False,51.8,1.14,4.8,1.25,True,False,322,False,False,False,138930,BNK금융지주,48204.5248821,89.6772972
20300.0,29550.0,-31.3,False,19.5,0.74,-1.93,1.18,False,False,322,False,False,False,024110,기업은행,161478.7384725,87.4643335
8330.0,17950.0,-53.59,False,35.9,-2.8,-11.76,0.43,False,False,322,False,False,False,034220,LG디스플레이,41650.0,88.91332675
19920.0,29500.0,-32.47,False,68.5,-1.87,-8.83,1.14,False,False,322,False,False,False,323410,카카오뱅크,95042.3910504,84.6210848
30100.0,50400.0,-40.28,False,80.7,-14.97,-0.99,0.61,False,True,322,False,False,False,004020,현대제철,40167.181285,85.07519775
7390.0,16200.0,-54.38,False,99.1,-7.63,49.14,0.23,True,True,322,False,False,False,046970,우리로,3216.7549266,84.6296696
303500.0,348500.0,-12.91,False,91.7,12.83,22.38,0.76,True,True,322,True,False,False,064760,티씨케이,33538.248,84.4390625
58900.0,78400.0,-24.87,False,71.1,0.0,-11.56,1.27,False,False,322,False,False,False,161390,한국타이어앤테크놀로지,72962.415641,84.390963
421000.0,979000.0,-57.0,False,98.4,-4.21,-8.58,0.55,False,False,322,False,False,False,277810,레인보우로보틱스,81964.40005,83.8611275
51200.0,79400.0,-35.52,False,41.3,1.59,4.7,0.84,True,True,322,False,False,False,112610,씨에스윈드,21633.929739,83.9757395
23100.0,29250.0,-21.03,False,96.9,14.93,19.38,1.65,True,True,322,False,False,False,059090,미코,7719.275718,82.2869815
8820.0,19150.0,-53.94,False,94.7,12.21,12.36,0.83,True,True,322,False,False,True,033790,피노,6899.0522436,81.9712844
18400.0,32339.0,-43.1,False,97.8,7.6,68.96,0.49,True,True,322,False,False,False,052710,아모텍,3457.81608,81.45208065
8220.0,16850.0,-51.22,False,83.0,5.38,14.33,10.45,True,True,322,False,False,False,102120,어보브반도체,1454.4655954,81.14951295
127100.0,206000.0,-38.3,False,92.6,14.09,12.78,0.69,True,True,322,False,False,False,420770,기가비스,15540.479308,80.684243
41900.0,116600.0,-64.07,False,66.3,-6.05,-21.68,0.56,False,False,322,False,False,False,347850,디앤디파마텍,19502.384136,79.751895
62400.0,109800.0,-43.17,False,93.8,1.79,35.36,0.75,True,True,322,False,False,False,229640,LS에코에너지,19018.049859,79.9421945
10840.0,24550.0,-55.85,False,48.4,5.86,19.25,1.3,True,True,322,False,False,False,328130,루닛,8048.929258,79.09989945
34900.0,88800.0,-60.7,False,55.1,0.58,-9.82,1.24,False,False,322,False,False,False,450080,에코프로머티,24714.04063,78.408401
186900.0,283000.0,-33.96,False,70.6,1.85,-15.05,0.46,True,False,322,False,False,False,483650,달바글로벌,23413.271385,75.6033185
123900.0,217500.0,-43.03,False,0.0,-9.96,-7.05,0.64,False,False,322,False,False,False,267270,HD건설기계,59324.235114,79.561466
102500.0,217000.0,-52.76,False,82.5,-4.21,-0.87,0.52,False,False,322,False,False,False,226950,올릭스,23683.311099,74.426857
1068000.0,2188000.0,-51.19,False,41.7,-5.99,-16.37,0.82,False,False,322,False,False,False,010130,고려아연,222505.84954,76.64141
52300.0,120100.0,-56.45,False,99.3,32.41,49.22,1.63,True,True,286,False,False,True,468530,프로티나,5774.67696,71.74335325
8980.0,14990.0,-40.09,False,98.1,-4.67,18.63,0.53,True,True,322,False,False,False,332570,PS일렉트로닉스,4107.0899082,73.67569465
39500.0,70300.0,-43.81,False,42.8,-2.23,-10.43,1.61,False,False,322,False,False,False,008770,호텔신라,15503.007795,73.70783
19750.0,20350.0,-2.95,False,99.3,8.16,53.1,0.63,True,True,322,True,False,False,252990,샘씨엔에스,11706.3576216,71.39065185
3775.0,9960.0,-62.1,False,63.9,23.77,21.77,29.1,True,True,322,False,False,True,084990,헬릭스미스,1765.3541251,72.65135019
48650.0,118200.0,-58.84,False,21.6,-5.35,-6.62,1.26,False,False,322,False,False,False,071970,HD현대마린엔진,16740.2577825,71.4757815
22150.0,57300.0,-61.34,False,97.3,-5.54,5.48,0.53,True,True,322,False,False,False,347700,스피어,11160.869873,70.8012475
30500.0,45400.0,-32.82,False,71.2,4.63,16.19,1.77,True,True,322,False,False,False,074600,원익QnC,8096.704,71.25112325
48600.0,257500.0,-81.13,False,46.3,-9.33,-33.15,0.77,False,False,322,False,False,False,298380,에이비엘바이오,27489.844333,69.265151
60100.0,114200.0,-47.37,False,92.0,-3.38,-4.3,0.4,False,True,322,False,False,False,083650,비에이치아이,18566.625,70.172952
11360.0,50600.0,-77.55,False,82.0,-11.11,32.4,0.53,True,True,140,False,False,False,0011A0,액스비스,1067.779856,66.87229695
72700.0,129200.0,-43.73,False,0.0,-4.22,-13.14,0.79,False,False,322,False,False,False,000100,유한양행,53960.367473,69.051523
37000.0,41700.0,-11.27,False,99.5,4.23,52.89,0.43,True,True,322,True,False,False,003160,디아이,10343.65,68.92011725
12290.0,19380.0,-36.58,False,52.5,-10.55,-25.33,0.2,False,False,322,False,False,False,002990,금호건설,4646.3187578,68.76888765
20800.0,24950.0,-16.63,False,87.6,-1.19,-3.03,0.91,False,False,322,False,False,False,011200,HMM,196665.116745,68.47683125
93800.0,183300.0,-48.83,False,95.7,5.27,1.74,1.42,True,True,322,False,False,False,078600,대주전자재료,14416.398684,66.8578175
28050.0,51300.0,-45.32,False,71.4,2.19,6.86,1.34,True,True,322,False,False,False,023160,태광,7294.562244,66.15208875
208500.0,343500.0,-39.3,False,59.7,0.48,-7.13,1.03,False,False,322,False,False,False,036570,NC,45134.72609,66.724685
20200.0,76700.0,-73.66,False,83.7,9.54,12.79,2.51,True,False,322,False,False,True,397030,에이프릴바이오,5539.315182,64.7569397
20450.0,43400.0,-52.88,False,96.3,5.3,12.18,0.31,True,True,322,False,False,False,090460,비에이치,6809.730676,65.70413675
107200.0,150100.0,-28.58,False,70.3,-3.77,-17.54,1.03,False,False,322,False,False,False,271560,오리온,42295.80316,64.8339455
52100.0,69400.0,-24.93,False,17.6,-2.25,-2.43,0.97,False,False,322,False,False,False,030200,KT,131555.31957,63.95485047
7940.0,9790.0,-18.9,False,95.0,21.22,64.56,1.38,True,True,322,False,False,True,032580,피델릭스,2647.2519136,63.69589585
68600.0,170000.0,-59.65,False,60.8,-2.7,-3.38,0.52,False,False,322,False,False,False,454910,두산로보틱스,44401.6863,63.3067045
50500.0,97900.0,-48.42,False,95.2,7.22,0.8,1.35,True,True,322,False,False,False,489790,한화비전,25345.17178,61.70185225
10970.0,16430.0,-33.23,False,99.0,11.71,60.61,0.73,True,True,322,False,False,False,004710,한솔테크닉스,5903.7434421,63.5383185
5480.0,7340.0,-25.34,False,84.9,19.13,19.91,0.61,True,True,322,False,False,False,396300,HT로보틱스,1470.16725,62.78676545
51100.0,70800.0,-27.82,False,94.9,5.8,15.61,1.47,True,True,322,False,False,False,083450,GST,9436.16,61.972389
44050.0,73000.0,-39.66,False,70.8,-6.48,-26.21,0.87,False,False,322,False,False,False,009420,한올바이오파마,23168.722953,61.237742
7880.0,28350.0,-72.2,False,84.4,44.85,40.97,2.48,True,True,322,False,False,False,338220,뷰노,1111.04465505,60.60658705
80400.0,225000.0,-64.27,False,51.2,-1.47,-16.68,0.66,False,False,322,False,False,False,141080,리가켐바이오,29800.63149,60.7925765
21550.0,34950.0,-38.34,False,85.9,-0.23,30.61,0.93,True,True,322,False,False,False,290550,디케이티,4290.263835,58.773445
12860.0,13400.0,-4.03,False,93.6,8.34,37.54,0.85,True,True,322,True,False,False,144960,뉴파워프라즈마,5675.6718576,58.58736015
252500.0,517000.0,-51.16,False,3.8,-4.72,-9.01,0.85,False,False,322,False,False,False,039490,키움증권,66619.92264,59.37179
50000.0,76900.0,-34.98,False,98.7,-10.07,55.76,0.36,True,True,322,False,False,False,437730,삼현,15489.1464795,58.19738975
26100.0,42600.0,-38.73,False,64.6,-1.32,-1.69,1.1,False,False,322,False,False,False,005940,NH투자증권,96916.6025625,58.54627825
274000.0,350500.0,-21.83,False,27.6,7.87,4.38,1.04,True,True,322,False,False,False,140860,파크시스템스,19606.9132,58.10159
22100.0,146600.0,-84.92,False,0.0,-16.76,-66.0,0.76,False,False,322,False,False,False,475830,오름테라퓨틱,4872.653184,57.3770955
41400.0,60700.0,-31.8,False,89.0,17.95,23.58,0.94,True,True,322,False,False,False,170920,엘티씨,4310.163408,57.748543
336000.0,792000.0,-57.58,False,24.7,-6.54,-18.84,0.52,False,False,322,False,False,False,004170,신세계,31688.582255,57.4363975
40300.0,56100.0,-28.16,False,44.7,14.33,22.31,3.79,True,True,322,False,False,False,104830,원익머트리얼즈,5074.72,56.2562715
101300.0,211000.0,-51.99,False,54.5,-8.08,-4.79,0.7,False,False,322,False,False,False,023530,롯데쇼핑,28260.466245,56.7396625
32850.0,51400.0,-36.09,False,76.6,18.59,40.09,1.38,True,True,322,False,False,False,089890,코세스,5481.329941,56.12930125
97100.0,165700.0,-41.4,False,99.9,-3.38,4.07,0.23,True,True,322,False,False,False,058610,에스피지,21556.39392,56.0748015
11150.0,11660.0,-4.37,False,100.0,21.2,56.6,0.66,True,True,322,True,True,False,446540,메가터치,3242.3208765,54.48033145
376000.0,1066000.0,-64.73,False,83.9,3.58,-10.79,0.48,False,False,322,False,False,False,307950,현대오토에버,101742.97322,55.3075025
61900.0,108500.0,-42.95,False,84.5,8.79,14.84,0.86,True,True,322,False,False,False,195870,해성디에스,10472.0,54.351802
16150.0,29100.0,-44.5,False,57.3,10.77,16.1,1.11,True,True,322,False,False,False,024850,HLB이노베이션,5262.0797664,54.31257645
24500.0,27500.0,-10.91,False,98.6,5.83,16.67,0.91,True,True,322,True,False,False,080580,오킨스전자,5072.3746775,53.85761075
99600.0,109200.0,-8.79,False,25.0,-1.48,2.79,0.87,False,True,322,True,False,False,021240,코웨이,70555.123722,54.102184
33850.0,55782.0,-39.32,False,70.7,6.78,27.98,0.59,True,True,322,False,False,False,183300,코미코,17129.6522125,53.303589
11960.0,36200.0,-66.96,False,96.5,-5.9,18.89,0.13,False,True,322,False,False,False,024060,흥구석유,1795.5,53.45412345
125700.0,199759.0,-37.07,False,94.8,-4.92,-7.23,0.66,False,True,322,False,False,False,000880,한화,67727.69919,52.968323
21500.0,31250.0,-31.2,False,79.8,1.42,-3.37,0.76,True,True,322,False,False,False,086450,동국제약,9792.38593,52.9243155
56000.0,61900.0,-9.53,False,97.9,-3.11,34.29,0.86,True,True,322,True,False,False,098120,마이크로컨텍솔,4563.708534,52.787433
131700.0,175900.0,-25.13,False,88.7,-5.32,-0.98,0.9,False,True,322,False,False,False,180640,한진칼,89661.735325,52.370626
9770.0,13290.0,-26.49,False,98.6,-5.88,-21.15,1.03,True,True,322,False,False,True,003010,혜인,1245.849206,52.19560835
8170.0,13400.0,-39.03,False,77.0,32.85,24.16,2.02,True,True,322,False,False,True,025560,미래산업,2266.7401248,52.0323809
45400.0,108400.0,-58.12,False,59.1,3.53,9.4,0.73,True,True,322,False,False,False,101490,에스앤에스텍,9664.700187,51.9047415
2980.0,4335.0,-31.26,False,95.3,-9.01,29.57,0.09,False,True,322,False,False,False,067290,JW신약,1669.9056694,50.18541367
9380.0,14350.0,-34.63,False,92.9,-10.75,-24.84,0.14,False,True,322,False,False,False,001210,금호전기,1190.6882857,49.5781853
24950.0,44200.0,-43.55,False,99.1,0.81,44.47,0.92,True,True,322,False,False,False,382900,범한퓨얼셀,2181.489,49.44316175
61000.0,104600.0,-41.68,False,92.0,6.64,-14.69,0.82,False,True,322,False,False,True,006110,삼아알미늄,9210.184095,49.521463
7920.0,19880.0,-60.16,False,83.5,2.46,-1.98,2.59,True,True,322,False,False,True,222080,SFA넥셀,6113.5193184,49.28458325
14790.0,40000.0,-63.02,False,96.2,4.08,41.94,0.69,True,True,249,False,False,False,488280,에스투더블유,1637.8960318,48.41942
133000.0,375500.0,-64.58,False,0.2,-13.75,-19.39,0.83,False,False,322,False,False,False,310210,보로노이,24666.945975,48.492629
23300.0,36500.0,-36.16,False,95.5,0.0,15.35,0.29,True,True,322,False,False,False,126730,코칩,2047.824421,48.1325285
75400.0,78800.0,-4.31,False,94.2,9.59,27.58,1.22,True,True,322,True,False,False,053800,안랩,8367.132512,49.004242
9530.0,20900.0,-54.4,False,94.9,1.17,7.32,0.52,True,True,322,False,False,False,050890,쏠리드,5790.0976902,48.89802055
11190.0,17990.0,-37.8,False,94.8,4.58,-8.2,1.57,False,False,322,False,False,False,005950,이수화학,2916.0233421,47.55880185
55000.0,78200.0,-29.67,False,72.4,-2.14,-25.98,0.74,False,True,322,False,False,False,181710,NHN,17619.285925,47.833856
15390.0,149000.0,-89.67,False,47.6,0.07,-12.66,0.54,False,False,322,False,False,False,950160,코오롱티슈진,13127.88972,46.8450753
30950.0,53300.0,-41.93,False,69.5,-6.64,-3.58,1.12,False,True,322,False,False,False,014620,성광벤드,8246.061522,47.07808025
48750.0,67500.0,-27.78,False,80.0,-0.61,3.28,1.21,True,True,322,False,False,False,007340,DN오토모티브,28407.0249575,46.68042825
2175.0,6140.0,-64.58,False,78.7,4.57,13.81,1.65,True,True,322,False,False,False,078150,HB테크놀러지,2074.0412863,45.66582526
8670.0,9520.0,-8.93,False,94.4,28.44,46.45,2.38,True,True,320,True,False,False,340450,지씨지놈,2033.968198,45.1627125
471500.0,692000.0,-31.86,False,79.8,0.86,-0.53,0.9,False,True,322,False,False,False,002380,KCC,40558.46912,45.803275
13690.0,64600.0,-78.81,False,96.6,-3.66,32.66,0.37,True,True,191,False,False,False,478340,나라스페이스테크놀로지,1621.9749755,44.61295695
18300.0,22000.0,-16.82,False,82.9,0.66,-1.03,1.77,False,True,322,False,False,False,139130,iM금융지주,28932.9946416,45.44599805
13390.0,21400.0,-37.43,False,94.8,1.59,25.73,0.62,True,True,322,False,False,False,253590,네오셈,5825.8249792,45.02875215
8510.0,9450.0,-9.95,False,95.8,1.43,21.75,1.05,True,True,322,True,False,False,020120,키다리스튜디오,3072.5862014,44.5428874
33100.0,77400.0,-57.24,False,44.7,-4.61,4.75,0.87,False,False,322,False,False,False,263750,펄어비스,20927.02203,44.47453675
63600.0,77700.0,-18.15,False,97.8,8.35,37.51,0.8,True,True,322,False,False,False,425420,티에프이,7630.557858,44.408499
238000.0,287000.0,-17.07,False,19.1,1.49,14.7,0.44,True,True,322,False,False,False,443060,HD현대마린솔루션,106031.1329,44.07068
44000.0,69000.0,-36.23,False,65.6,-5.07,-3.93,1.56,False,False,322,False,False,False,051600,한전KPS,19890.0,44.08226025
8390.0,15960.0,-47.43,False,96.4,-9.78,31.5,0.07,False,True,322,False,False,False,004310,현대약품,2688.0,44.19955095
134200.0,235000.0,-42.89,False,44.1,4.6,3.31,0.68,True,True,322,False,False,False,001040,CJ,39709.894278,43.5984485
5790.0,6600.0,-12.27,False,99.6,-0.34,2.12,0.54,False,True,322,True,False,False,028670,팬오션,30951.5747448,43.38434255
7700.0,20884.0,-63.13,False,96.0,20.31,55.56,0.31,True,True,322,False,False,True,187660,페니트리움바이오,4771.8824738,41.2166354
179700.0,325000.0,-44.71,False,0.0,-13.4,-28.69,0.84,False,False,322,False,False,False,145020,휴젤,22514.796227,41.4567305
28650.0,57900.0,-50.52,False,98.6,3.43,22.96,0.47,True,True,322,False,False,False,138080,오이솔루션,3521.472151,43.2636845
45850.0,79100.0,-42.04,False,86.8,-3.27,-11.49,0.55,False,False,322,False,False,False,204320,HL만도,21459.40384,40.53874825
6970.0,21500.0,-67.58,False,93.5,-1.55,5.93,0.52,True,True,322,False,False,False,048410,현대바이오,6678.1855824,40.22399095
26050.0,48900.0,-46.73,False,90.5,12.04,14.51,1.76,True,True,322,False,False,False,089010,켐트로닉스,4318.2819525,40.346556
14550.0,18800.0,-22.61,False,13.6,0.14,-2.94,1.03,False,False,322,False,False,False,032640,LG유플러스,62051.3344184,39.9087763
14000.0,25000.0,-44.0,False,95.2,1.45,6.71,3.02,True,True,322,False,False,False,482630,삼양엔씨켐,3062.170372,38.73420655
52800.0,61000.0,-13.44,False,89.2,4.35,17.86,0.42,True,True,322,True,False,False,008930,한미사이언스,35700.3891,39.8205745
54600.0,79700.0,-31.49,False,39.7,-7.14,-12.36,1.35,False,False,322,False,False,False,241560,두산밥캣,52337.41149,39.2949215
16950.0,70700.0,-76.03,False,94.8,0.06,8.65,0.55,True,True,322,False,False,False,100790,미래에셋벤처투자,9003.937971,38.44325235
1813.0,2465.0,-26.45,False,35.5,19.28,14.53,0.82,True,True,322,False,False,False,419050,삼기에너지솔루션즈,1032.9640944,37.77710057
12980.0,20950.0,-38.04,False,89.8,13.76,25.78,1.22,True,True,322,False,False,False,079370,제우스,4044.615496,38.06869885
14520.0,29450.0,-50.7,False,92.4,10.0,2.54,6.79,True,True,322,False,False,True,011500,한농화성,2237.6607102,37.214264
154800.0,189000.0,-18.1,False,91.5,5.09,11.37,4.53,True,True,322,False,False,False,306200,세아제강,4302.6671,36.909831
22600.0,64100.0,-64.74,False,82.3,6.35,6.35,1.99,True,True,322,False,False,False,355150,코스텍시스,1762.2011,36.8711025
4850.0,10480.0,-53.72,False,95.0,-7.44,-5.83,0.38,False,True,322,False,False,False,025980,아난티,4704.5028665,36.84394316
4335.0,7300.0,-40.62,False,94.1,8.1,15.6,12.09,True,True,322,False,False,False,005010,휴스틸,2340.23332375,36.64872504
13670.0,38700.0,-64.68,False,94.8,-5.33,21.19,0.22,True,True,193,False,False,False,217590,티엠씨,3329.821895,36.0403313
2720.0,4810.0,-43.45,False,98.7,-2.68,28.0,0.2,True,True,322,False,False,False,203650,드림시큐리티,2771.447189,36.47999617
11610.0,25350.0,-54.2,False,99.0,-7.34,8.71,0.22,True,True,271,False,False,False,125490,한라캐스트,4259.8244784,35.83791695
42100.0,83100.0,-49.34,False,91.4,0.96,11.38,0.51,True,True,322,False,False,False,020150,롯데에너지머티리얼즈,22098.225386,36.42633425
2885.0,5690.0,-49.3,False,83.7,12.48,7.85,5.84,True,True,322,False,False,True,001250,GS글로벌,2343.9588976,36.30651016
57500.0,149200.0,-61.46,False,6.4,20.04,11.22,1.46,True,True,322,False,False,True,445680,큐리옥스바이오시스템즈,9731.954935,35.4673855
178900.0,252000.0,-29.01,False,4.4,2.0,-4.08,0.74,False,False,322,False,False,False,097950,CJ제일제당,26871.72201,35.712058
30600.0,63500.0,-51.81,False,88.0,8.32,19.53,0.92,True,True,322,False,False,False,330860,네패스아크,3752.68586,34.935427
12150.0,21150.0,-42.55,False,97.9,-2.02,9.36,0.29,True,True,322,False,False,False,005690,파미셀,7314.4893066,35.25441205
5760.0,10300.0,-44.08,False,95.5,-4.16,10.56,0.15,False,True,322,False,False,False,079650,서산,1160.0,35.03337865
6400.0,20100.0,-68.16,False,95.2,37.63,23.55,0.91,True,True,322,False,False,False,394800,쓰리빌리언,2065.2836897,34.37864625
7330.0,10800.0,-32.13,False,54.3,-9.28,-12.84,0.96,False,True,322,False,False,False,000370,한화손해보험,8591.984144,34.66145955
6720.0,8850.0,-24.07,False,93.2,-1.61,-8.7,0.59,False,False,322,False,False,False,073240,금호타이어,19591.1515734,34.472702
24000.0,122625.0,-80.43,False,78.9,-9.6,-20.27,0.85,False,False,190,False,False,False,476830,알지노믹스,6817.470948,33.3768405
30800.0,76400.0,-59.69,False,100.0,10.79,5.12,2.17,True,False,322,False,True,True,003570,SNT다이내믹스,10208.577979,33.9437325
117600.0,260000.0,-54.77,False,31.0,8.89,16.09,2.58,True,True,322,False,False,False,003030,세아제강지주,4940.996801,33.836651
7950.0,9120.0,-12.83,False,94.8,-2.33,37.78,0.54,True,True,322,True,False,False,192650,드림텍,5185.2934423,33.38560635
37200.0,67400.0,-44.81,False,86.7,0.4,21.77,0.34,True,True,322,False,False,False,100840,SNT에너지,7641.5493185,33.69299225
43400.0,66400.0,-34.64,False,89.6,4.83,4.7,1.17,True,True,322,False,False,False,005070,코스모신소재,14481.552956,33.398041
3460.0,5960.0,-41.95,False,98.0,-7.61,-1.42,0.4,False,True,322,False,False,False,047770,코데즈컴바인,1315.78727154,33.04198672
403500.0,508000.0,-20.57,False,15.9,2.15,-9.02,0.58,False,True,322,False,False,False,004370,농심,24573.87368,33.29425
12370.0,39600.0,-68.76,False,84.5,-1.75,21.75,0.38,True,True,322,False,False,False,274090,켄코아에어로스페이스,1718.33232325,32.8632579
7520.0,68500.0,-89.02,False,81.6,-36.0,-39.6,0.75,False,False,97,False,False,False,439960,코스모로보틱스,2440.2870752,31.6132374
59800.0,87900.0,-31.97,False,67.0,4.18,15.44,0.49,True,True,322,False,False,False,166090,하나머티리얼즈,11925.937422,32.584455
9820.0,11920.0,-17.62,False,80.3,0.72,-15.13,0.47,False,True,322,False,False,False,317400,자이에스앤디,3796.808708,32.43736
10530.0,23800.0,-55.76,False,97.6,-4.53,23.88,0.35,True,True,322,False,False,False,042370,비츠로테크,2782.442655,32.25702995
43150.0,57700.0,-25.22,False,90.4,2.98,10.78,1.73,True,True,322,False,False,False,001120,LX인터내셔널,16569.9,32.34131875
14000.0,23700.0,-40.93,False,89.9,8.7,28.21,2.06,True,True,322,False,False,False,086390,유니테스트,2878.4679612,31.37097835
81900.0,153000.0,-46.47,False,30.4,-1.8,9.49,0.62,True,True,322,False,False,False,041510,에스엠,19048.38208,31.561156
5100.0,10180.0,-49.9,False,92.3,26.71,35.82,2.09,True,True,322,False,False,False,314130,지놈앤컴퍼니,2557.4418825,30.60429912
21250.0,28750.0,-26.09,False,63.6,14.0,34.41,1.61,True,True,322,False,False,False,020000,한섬,4639.030704,30.059427
29350.0,41150.0,-28.68,False,89.6,5.96,29.3,0.85,True,True,322,False,False,False,033640,네패스,6606.461373,29.8266905
11170.0,16960.0,-34.14,False,88.5,-0.8,25.08,0.23,True,True,322,False,False,False,042510,라온시큐어,1250.5162328,29.82508765
74700.0,144100.0,-48.16,False,3.0,-4.23,-14.43,0.65,False,False,322,False,False,False,326030,SK바이오팜,58813.25075,29.8064285
72900.0,179900.0,-59.48,False,10.3,-8.07,2.39,0.85,True,True,322,False,False,False,140410,메지온,22506.93039,29.776249
88400.0,170300.0,-48.09,False,71.4,7.28,21.76,1.11,True,True,210,False,False,False,388210,씨엠티엑스,8505.559878,29.07349
21250.0,83600.0,-74.58,False,85.1,1.19,-11.64,0.4,False,False,90,False,False,False,477850,마키나락스,3826.145608,29.053367
6290.0,11280.0,-44.24,False,34.2,-14.42,34.26,2.21,False,True,322,False,False,False,216080,제테마,2237.22594,29.38753485
15020.0,17910.0,-16.14,False,91.9,-1.51,0.33,0.14,True,True,322,False,False,False,003350,한국화장품제조,3423.926,29.6174928
71600.0,136400.0,-47.51,False,58.1,-2.32,-3.63,0.98,False,False,322,False,False,False,139480,이마트,19758.606404,29.3227045
59300.0,144000.0,-58.82,False,95.8,-1.5,29.19,0.52,True,True,322,False,False,False,295310,에이치브이엠,7381.556028,28.7571955
2910.0,4120.0,-29.37,False,95.2,7.78,42.3,0.69,True,True,322,False,False,False,452260,한화갤러리아,5670.3935925,28.56696959
9860.0,15890.0,-37.95,False,69.3,9.19,5.91,0.41,True,True,322,False,False,False,234690,녹십자웰빙,1769.384065,27.6229523
280000.0,557000.0,-49.73,False,48.7,-12.23,-21.24,1.44,False,False,322,False,False,False,298020,효성티앤씨,12139.14801,27.35872
12800.0,19790.0,-35.32,False,91.0,-3.18,6.84,1.36,True,True,322,False,False,False,005440,현대지에프홀딩스,23639.8989511,28.2996578
75900.0,224000.0,-66.12,False,66.5,-0.26,3.83,1.43,True,True,322,False,False,False,099320,쎄트렉아이,8322.97128,27.3456935
114800.0,162300.0,-29.27,False,61.5,-4.17,-9.96,0.75,False,False,322,False,False,False,011780,금호석유화학,28779.9798,27.2269155
29700.0,62000.0,-52.1,False,67.4,1.19,-2.14,0.91,True,False,322,False,False,False,137400,피엔티,7047.99158,27.1991845
36550.0,67300.0,-45.69,False,18.5,1.25,-0.14,1.05,True,False,322,False,False,False,108320,LX세미콘,5887.6766,26.8867245
10690.0,31500.0,-66.06,False,96.7,-13.23,-1.38,0.28,False,True,205,False,False,False,0015N0,아로마티카,1310.5152724,25.91748305
4645.0,8980.0,-48.27,False,94.2,-6.91,20.81,0.29,True,True,322,False,False,False,054920,한컴위드,1324.79195295,26.04240827
5730.0,13140.0,-56.39,False,83.1,-6.37,-5.45,0.17,False,True,322,False,False,False,041190,우리기술투자,4572.54,26.4749468
45000.0,92500.0,-51.35,False,83.7,2.27,9.76,0.82,True,True,322,False,False,False,001430,세아베스틸지주,16137.95355,26.51668975
37650.0,55800.0,-32.53,False,57.1,-3.09,-10.04,0.92,False,False,322,False,False,False,081660,미스토홀딩스,19989.07776,26.396837
22300.0,95800.0,-76.72,False,19.7,13.89,-9.35,1.82,True,False,322,False,False,False,174900,앱클론,4409.420509,25.42801025
20350.0,31550.0,-35.5,False,85.7,-5.35,-11.52,0.57,False,True,322,False,False,False,091580,상신이디피,2732.284895,25.801825
47250.0,65000.0,-27.31,False,28.6,9.5,6.18,1.22,True,True,322,False,False,False,102710,이엔에프테크놀로지,6801.009936,25.481436
12700.0,28500.0,-55.44,False,69.7,-0.39,-11.19,0.71,False,False,322,False,False,False,019210,와이지-원,4675.2516096,24.93209035
19750.0,65300.0,-69.75,False,95.9,12.92,5.22,0.61,True,True,223,False,False,False,486990,노타,4265.650542,24.86759345
34800.0,67800.0,-48.67,False,69.1,26.09,14.1,3.62,True,True,322,False,False,True,475960,토모큐브,4689.708552,24.40519
1877.0,2545.0,-26.25,False,95.4,15.01,17.31,1.69,True,True,322,False,False,False,012030,DB,3772.01124375,24.72580929
89600.0,222000.0,-59.64,False,36.2,-10.58,-6.08,0.62,False,False,322,False,False,False,069960,현대백화점,19235.901504,24.771035
29400.0,32150.0,-8.55,False,99.3,30.67,36.74,0.78,True,True,322,True,False,False,159010,아스플로,3840.404832,24.51303025
14620.0,15660.0,-6.64,False,66.1,-1.95,2.38,1.34,False,True,322,True,False,False,003690,코리안리,25677.5658043,24.74757225
77900.0,159200.0,-51.07,False,50.3,-0.76,-4.88,0.54,False,True,322,False,False,False,103140,풍산,21858.93684,24.0331085
45900.0,83200.0,-44.83,False,99.1,4.08,4.2,0.61,True,True,322,False,False,False,399720,가온칩스,5401.703442,23.95514825
7190.0,18200.0,-60.49,False,95.0,-4.13,-1.51,0.37,False,True,322,False,False,False,006910,보성파워텍,3532.4343456,24.028719
23150.0,43200.0,-46.41,False,82.1,7.93,14.32,2.05,True,True,322,False,False,False,039440,에스티아이,3496.8390985,23.921904
3760.0,19950.0,-81.15,False,91.5,-6.82,11.9,0.27,True,True,322,False,False,False,027360,아주IB투자,4561.1245359,23.53006854
6190.0,16240.0,-61.88,False,84.4,0.49,-5.78,1.04,False,False,322,False,False,False,001740,SK네트웍스,12416.7617291,23.87216
2765.0,3950.0,-30.0,False,87.5,-2.3,2.41,3.79,False,False,322,False,False,False,091440,한울소재과학,1066.0747782,23.72381953
6290.0,18730.0,-66.42,False,91.2,-2.93,8.64,1.27,True,True,322,False,False,False,010820,퍼스텍,3077.5092878,23.73458265
10090.0,10410.0,-3.07,False,100.0,21.27,26.92,1.01,True,True,322,True,True,True,077500,유니퀘스트,2172.9702612,23.5093957
14660.0,34050.0,-56.95,False,67.3,-3.99,-12.84,0.87,False,False,322,False,False,False,097230,HJ중공업,13381.7699808,23.5187445
80600.0,101900.0,-20.9,False,94.1,17.84,32.78,2.16,True,True,322,False,False,False,053610,프로텍,7164.0,23.4491905
1709.0,4806.0,-64.44,False,98.9,0.47,34.78,0.19,True,True,322,False,False,False,321370,센서뷰,1192.80981939,23.00252015
9800.0,11890.0,-17.58,False,8.4,-0.1,-1.11,0.75,False,False,322,False,False,False,088980,맥쿼리인프라,47030.1397126,23.3753143
6050.0,26600.0,-77.26,False,92.7,-7.91,-7.63,0.5,False,False,322,False,False,False,090710,휴림로봇,7269.1889632,23.31054015
16430.0,36300.0,-54.74,False,92.6,15.54,-1.02,0.93,True,True,322,False,False,False,085910,네오티스,2238.8989614,23.25575945
35250.0,124000.0,-71.57,False,79.9,10.16,-14.75,0.73,True,True,274,False,False,False,456160,지투지바이오,5853.557952,22.961671
37850.0,61300.0,-38.25,False,99.3,-1.17,21.12,0.22,True,True,322,False,False,False,044490,태웅,7582.797399,23.176385
25600.0,101700.0,-74.83,False,94.6,0.0,-9.7,1.86,False,False,322,False,False,False,389470,인벤티지랩,3373.503978,22.96162075
36650.0,42200.0,-13.15,False,73.7,7.16,6.23,0.77,True,True,322,True,False,False,078340,컴투스,4516.1054055,22.9624475
92000.0,172100.0,-46.54,False,92.3,0.99,-12.55,0.45,False,False,322,False,False,False,237690,에스티팜,19248.260236,22.7214555
69000.0,103200.0,-33.14,False,73.7,-4.43,-4.56,1.12,False,False,322,False,False,False,111770,영원무역,30707.847324,22.911427
17910.0,49700.0,-63.96,False,89.4,5.41,4.92,1.13,True,True,322,False,False,True,011930,신성이엔지,3626.6841052,22.9137763
32100.0,51600.0,-37.79,False,81.3,-2.43,-2.73,1.26,True,True,322,False,False,False,060370,LS마린솔루션,16585.836145,22.6211575
1945.0,3230.0,-39.78,False,0.0,21.94,24.76,3.15,True,True,322,False,False,False,003580,HLB글로벌,1012.76346495,22.21649789
11730.0,31600.0,-62.88,False,94.7,0.69,-15.0,0.23,False,False,322,False,False,False,100090,SK오션플랜트,7309.941093,22.25781705
42200.0,80800.0,-47.77,False,48.4,4.71,-3.43,1.15,True,True,322,False,False,False,036830,솔브레인홀딩스,8703.9399345,22.111209
55000.0,104900.0,-47.57,False,46.8,-4.51,-7.56,0.33,False,True,322,False,False,False,120110,코오롱인더,16530.209664,22.073864
50300.0,53100.0,-5.27,False,88.2,2.13,6.23,0.82,True,True,322,True,False,False,089860,롯데렌탈,18336.24094,21.782053
34550.0,69000.0,-49.93,False,98.1,0.29,-8.36,0.18,False,False,322,False,False,False,251270,넷마블,28939.1319,21.587577
30250.0,49900.0,-39.38,False,93.5,-12.06,-8.33,0.55,False,False,322,False,False,False,127120,제이에스링크,11436.444675,21.85073125
9280.0,18440.0,-49.67,False,94.1,3.11,5.33,0.7,True,True,322,False,False,False,293490,카카오게임즈,10098.102069,21.5275669
9580.0,20100.0,-52.34,False,76.6,5.86,1.91,5.45,True,True,322,False,False,False,259630,엠플러스,1151.3497032,21.22247505
25900.0,35950.0,-27.96,False,5.6,-2.63,-4.95,1.19,False,True,322,False,False,False,002790,아모레퍼시픽홀딩스,19649.75226,21.67445525
18580.0,43950.0,-57.72,False,42.1,22.32,9.36,1.23,True,True,322,False,False,False,042000,카페24,4475.3790819,21.04930935
85600.0,96000.0,-10.83,False,76.9,1.42,-5.52,0.96,False,True,322,True,False,False,005180,빙그레,7595.107059,21.140414
91800.0,95900.0,-4.28,False,96.2,21.27,45.02,0.7,True,True,322,True,False,False,219130,타이거일렉,5613.40381,20.878031
24200.0,36950.0,-34.51,False,70.8,-3.2,-6.92,0.69,False,True,322,False,False,False,007390,네이처셀,15689.936136,20.78209325
28300.0,67800.0,-58.26,False,85.9,-3.74,9.69,0.3,False,False,322,False,False,False,082920,비츠로셀,12819.611468,20.08406375
10330.0,12890.0,-19.86,False,83.6,11.8,14.65,6.59,True,True,322,False,False,False,141000,비아트론,1265.987195,20.6031798
14940.0,19900.0,-24.92,False,81.3,8.34,12.33,1.06,True,True,322,False,False,False,114810,한솔아이원스,4184.8899738,19.841235
37650.0,88500.0,-57.46,False,8.2,-2.08,-5.52,0.63,False,False,322,False,False,False,035900,JYP Ent.,13484.580714,19.83591175
61400.0,70200.0,-12.54,False,64.5,2.68,4.07,0.51,True,True,322,True,False,False,251970,펌텍코리아,7750.0,19.729607
14280.0,19590.0,-27.11,False,22.7,-0.83,-2.53,1.16,False,False,322,False,False,False,035250,강원랜드,30486.52125,19.61683705
30500.0,95900.0,-68.2,False,82.7,2.01,-9.23,0.49,False,False,186,False,False,False,491000,리브스메드,7664.9747485,19.2990445
5180.0,9330.0,-44.48,False,99.2,-4.95,16.14,0.44,True,True,322,False,False,False,388790,라이콤,1585.813488,19.5090037
40600.0,104000.0,-60.96,False,79.7,13.57,36.24,0.51,True,True,322,False,False,False,354320,알멕,2569.335162,19.4100625
20000.0,88302.0,-77.35,False,62.7,-1.48,7.99,0.39,True,True,322,False,False,False,348340,뉴로메카,4667.6397456,19.39723315
55700.0,95300.0,-41.55,False,76.8,7.12,9.22,0.95,True,True,322,False,False,False,121600,나노신소재,6830.040387,19.152018
19900.0,45600.0,-56.36,False,98.4,-3.16,-8.08,0.13,False,False,322,False,False,False,022100,포스코DX,30406.9458,19.3562982
27250.0,47850.0,-43.05,False,78.6,3.61,12.6,0.69,True,False,322,False,False,False,160980,싸이맥스,2933.1592455,19.08732275
2375.0,5400.0,-56.02,False,7.0,7.71,-7.77,1.22,True,True,322,False,False,True,215600,신라젠,3256.008754,19.03439326
31200.0,51000.0,-38.82,False,75.0,3.31,15.99,0.68,True,True,322,False,False,False,036810,에프에스티,6776.383957,19.0704275
17370.0,47850.0,-63.7,False,92.6,5.91,9.87,1.87,True,True,322,False,False,False,254490,미래반도체,2487.6674,18.9138821
75500.0,171600.0,-56.0,False,99.8,-3.82,-3.45,0.33,False,True,322,False,False,False,090360,로보스타,7380.75,19.0337515
34800.0,45700.0,-23.85,False,14.9,-2.38,-7.08,0.71,False,False,322,False,False,False,036460,한국가스공사,32355.7065,18.92092025
3480.0,6720.0,-48.21,False,85.2,0.87,39.76,0.66,True,True,322,False,False,False,261780,아리바이오랩,1040.9673372,18.70678818
38050.0,78300.0,-51.4,False,38.5,-3.43,-8.75,1.14,False,False,322,False,False,False,068760,셀트리온제약,16961.690824,18.74805225
25700.0,64235.0,-59.99,False,33.9,3.21,21.51,0.69,True,True,322,False,False,False,458870,씨어스,9701.376586,18.236364
10270.0,14390.0,-28.63,False,71.1,8.56,13.61,1.24,True,True,322,False,False,False,036200,유니셈,3100.1529453,18.38357925
2270.0,6190.0,-63.33,False,93.3,-5.22,-11.15,0.49,False,False,322,False,False,False,001510,SK증권,5273.527938,18.36008452
20100.0,54100.0,-62.85,False,28.8,-3.13,-16.77,0.93,False,False,322,False,False,False,017960,한국카본,10412.811929,18.25043725
8340.0,19950.0,-58.2,False,63.1,0.12,2.96,0.84,True,False,322,False,False,False,031330,에스에이엠티,8339.5885878,18.22385975
3410.0,6900.0,-50.58,False,76.5,-16.42,35.86,0.11,True,True,322,False,False,False,201490,미투온,1125.6961744,18.15195013
40800.0,153800.0,-73.47,False,9.2,1.37,-20.93,1.12,False,False,322,False,False,False,214370,케어젠,22479.7275,18.10859975
9940.0,18460.0,-46.15,False,99.2,-3.96,0.3,0.13,False,True,322,False,False,False,388050,지투파워,1861.5889815,17.88697255
36200.0,100400.0,-63.94,False,35.5,9.04,14.92,0.79,True,True,322,False,False,False,348210,넥스틴,3824.106825,17.5546765
28650.0,36500.0,-21.51,False,83.4,-0.52,19.38,0.78,True,True,322,False,False,False,056190,SFA,10269.90536,17.744733
32300.0,39400.0,-18.02,False,95.5,0.47,7.49,1.08,True,True,322,False,False,False,045100,한양이엔지,5661.25,17.75278325
30350.0,44600.0,-31.95,False,56.9,1.17,26.46,1.05,True,True,322,False,False,False,272110,케이엔제이,2435.7073825,17.3737
82600.0,103000.0,-19.81,False,39.2,-2.25,1.1,0.7,True,True,322,False,False,False,012750,에스원,31197.325138,17.4827165
8620.0,23500.0,-63.32,False,39.8,13.42,4.74,4.21,True,True,322,False,False,True,251370,와이엠티,1603.175957,17.32296915
130000.0,156600.0,-16.99,False,20.1,-7.01,-12.04,0.8,False,False,322,False,False,False,282330,BGF리테일,22417.226082,17.071388
1806.0,4795.0,-62.34,False,97.8,0.5,6.24,0.13,True,True,322,False,False,False,003280,흥아해운,4361.30766786,17.0110796
73200.0,113400.0,-35.45,False,29.2,-1.35,-1.35,0.64,False,True,322,False,False,False,017800,현대엘리베이터,28615.62582,17.009927
29150.0,57300.0,-49.13,False,35.8,-1.69,-14.89,0.64,False,False,322,False,False,False,213420,덕산네오룩스,7436.9381105,16.5089975
2530.0,4160.0,-39.18,False,6.4,25.56,19.34,2.21,True,True,322,False,False,False,115450,HLB테라퓨틱스,2466.4998087,16.98091377
13490.0,31700.0,-57.44,False,96.4,-9.22,1.81,0.43,False,False,322,False,False,False,105840,우진,2763.041256,16.20310955
4840.0,10690.0,-54.72,False,2.3,-2.22,-4.16,1.22,False,False,322,False,False,False,336570,원텍,4392.6077832,15.98815389
35550.0,66000.0,-46.14,False,3.7,-1.93,1.43,0.69,False,True,322,False,False,False,039200,오스코텍,13658.168832,16.2360785
69800.0,144000.0,-51.53,False,78.0,-0.57,-2.1,0.65,True,True,322,False,False,False,171090,선익시스템,7079.210574,15.946794
23300.0,29950.0,-22.2,False,76.2,-3.52,-9.69,2.27,False,False,322,False,False,False,001800,오리온홀딩스,13956.343264,15.93430925
6130.0,17480.0,-64.93,False,55.5,19.96,13.52,15.13,True,True,322,False,False,False,450950,아스테라시스,2287.7575936,15.7963306
5940.0,20808.0,-71.45,False,43.3,-10.0,-0.83,2.54,False,False,322,False,False,False,462350,이노스페이스,2073.5522064,15.6036693
18410.0,48200.0,-61.8,False,26.4,6.97,-0.81,1.89,True,False,322,False,False,False,376300,디어유,4379.735907,15.29328335
9290.0,42500.0,-78.14,False,97.4,-8.38,-15.7,0.66,False,False,64,False,False,False,153890,져스텍,1145.9840055,15.15712685
47650.0,93800.0,-49.2,False,79.2,0.21,0.21,0.73,True,True,322,False,False,False,033100,제룡전기,7645.706684,15.7477005
20850.0,57800.0,-63.93,False,3.2,17.66,2.21,0.9,True,True,322,False,False,False,042520,한스바이오메드,2980.625703,15.673874
42450.0,69200.0,-38.66,False,2.9,-2.75,-9.58,0.83,False,False,322,False,False,False,029780,삼성카드,48950.3814475,15.3137985
19370.0,30000.0,-35.43,False,97.4,13.01,14.75,0.23,True,True,322,False,False,False,263860,지니언스,1766.89016,15.17710725
18260.0,66100.0,-72.38,False,3.6,5.0,-8.7,2.22,True,False,322,False,False,True,419530,SAMG엔터,1873.0463395,15.1297469
3345.0,15499.0,-78.42,False,97.7,2.29,11.5,0.5,True,True,322,False,False,False,424870,이뮨온시아,3039.12544425,15.09712196
15330.0,28900.0,-46.96,False,98.3,2.06,-14.98,0.19,False,True,322,False,False,False,476060,온코닉테라퓨틱스,7042.755984,14.89659885
17290.0,35100.0,-50.74,False,34.2,6.4,6.79,0.26,True,True,322,False,False,False,361610,SK아이이테크놀로지,14067.3812,14.9264512
10640.0,27500.0,-61.31,False,57.9,5.98,17.05,0.41,True,True,322,False,False,False,115500,케이씨에스,1284.0,14.92593195
11640.0,49450.0,-76.46,False,94.9,-10.12,-3.88,0.53,False,False,322,False,False,False,056080,유진로봇,4450.6105704,14.80894425
123000.0,183800.0,-33.08,False,76.4,-1.91,-4.73,0.99,False,False,322,False,False,False,006280,녹십자,14444.560968,14.7850255
39150.0,58600.0,-33.19,False,55.8,0.9,-9.06,0.6,False,False,322,False,False,False,195940,HK이노엔,11190.306945,14.736634
22350.0,80200.0,-72.13,False,80.9,4.2,-8.78,1.03,False,False,200,False,False,False,0009K0,에임드바이오,14688.5425555,14.67582625
28700.0,75500.0,-61.99,False,89.9,-7.87,-20.06,0.23,False,True,322,False,False,False,124500,아이티센글로벌,6613.290195,14.772894
27900.0,62000.0,-55.0,False,90.0,6.29,10.28,0.98,True,True,322,False,False,False,200710,에이디테크놀로지,3735.7069425,14.75619
28400.0,91200.0,-68.86,False,97.4,-5.65,53.02,0.18,True,True,322,False,False,False,160190,하이젠알앤엠,8803.08,14.62280175
9830.0,48218.0,-79.61,False,85.8,22.11,7.79,2.51,True,False,215,False,False,False,494120,큐리오시스,1467.9892968,14.5424181
26750.0,153800.0,-82.61,False,93.2,-8.7,-2.01,0.55,False,False,322,False,False,False,376900,로킷헬스케어,4692.78301,14.1117375
22100.0,67700.0,-67.36,False,53.3,-5.15,-11.6,0.7,False,False,322,False,False,False,077970,STX엔진,8852.6478915,14.526331
10410.0,15420.0,-32.49,False,6.6,-4.14,-6.05,1.17,False,True,322,False,False,False,225570,넥슨게임즈,6856.0441134,14.201683
4460.0,10300.0,-56.7,False,86.6,-5.51,-9.53,0.45,False,False,322,False,False,False,003530,한화투자증권,9665.37726375,14.32291251
11960.0,19490.0,-38.64,False,98.2,-2.61,33.18,0.86,True,True,322,False,False,False,149950,아바텍,1630.5569679,14.30165365
39900.0,79200.0,-49.62,False,68.5,-0.99,-14.1,0.27,False,False,322,False,False,False,377300,카카오페이,54255.549422,14.04494075
9430.0,13400.0,-29.63,False,100.0,17.14,10.42,4.26,True,True,322,False,True,False,445180,퓨릿,1658.756642,13.91217665
52400.0,73500.0,-28.71,False,61.5,-7.91,-12.96,0.7,False,False,322,False,False,False,041830,인바디,7037.020404,14.139473
22300.0,77953.0,-71.39,False,98.8,-5.31,-11.86,0.32,False,False,322,False,False,False,466100,클로봇,6902.683797,13.535985
22200.0,45000.0,-50.67,False,97.4,2.07,-1.55,0.15,False,True,322,False,False,False,234340,헥토파이낸셜,3101.485632,13.802877
41300.0,73000.0,-43.42,False,81.4,1.1,-1.2,0.47,True,True,322,False,False,False,107640,한중엔시에스,3734.757752,13.77178625
58600.0,76500.0,-23.4,False,67.3,-0.17,0.17,1.08,True,False,322,False,False,False,192080,더블유게임즈,12280.61144,13.119008
65600.0,68300.0,-3.95,False,100.0,15.49,28.63,1.35,True,True,322,True,True,True,006120,SK디스커버리,11440.834407,13.1731925
14820.0,30900.0,-52.04,False,99.7,10.76,12.96,0.99,True,True,322,False,False,False,117730,티로보틱스,3329.5671468,13.4850737
23300.0,38900.0,-40.1,False,40.8,-4.31,-36.86,0.28,False,False,322,False,False,False,123330,제닉,1856.70244,13.18527725
10380.0,18960.0,-45.25,False,99.7,0.48,5.49,0.88,True,True,322,False,False,False,046890,서울반도체,6040.43944,13.0663559
16480.0,104000.0,-84.15,False,11.8,18.9,2.49,0.81,True,False,131,False,False,False,493280,아이엠바이오로직스,2462.9449299,12.2756538
22500.0,29950.0,-24.87,False,67.8,-3.43,-14.61,0.64,False,False,322,False,False,False,007070,GS리테일,18895.27579,12.9924045
12190.0,31450.0,-61.24,False,2.0,6.74,-5.72,1.16,True,False,322,False,False,False,018290,브이티,4364.2355662,12.95595515
59900.0,119500.0,-49.87,False,47.8,-6.41,1.35,0.27,False,True,322,False,False,False,011170,롯데케미칼,25793.577657,12.76241
20500.0,105000.0,-80.48,False,41.6,0.49,-6.18,0.45,False,False,322,False,False,False,348370,엔켐,4502.709267,12.74291675
15190.0,52000.0,-70.79,False,16.5,10.47,16.22,1.38,True,True,322,False,False,False,322310,오로스테크놀로지,1424.6510382,12.2557133
5800.0,7230.0,-19.78,False,73.1,-0.51,1.05,0.51,True,True,322,False,False,False,204620,글로벌텍스프리,4090.489806,12.68603545
11570.0,27700.0,-58.23,False,25.1,-1.45,-12.88,0.95,False,False,322,False,False,False,032350,롯데관광개발,9232.2080364,12.3250552
5410.0,9880.0,-45.24,False,91.6,0.37,-5.25,0.72,False,False,142,False,False,False,279570,케이뱅크,21907.538154,11.8919369
2975.0,5140.0,-42.12,False,87.1,-9.98,-3.25,0.37,False,True,322,False,False,False,045390,대아티아이,2068.39361495,12.23548187
4105.0,6190.0,-33.68,False,98.8,-7.23,1.61,0.12,False,True,322,False,False,False,413630,씨피시스템,1488.43531425,11.91095763
31800.0,35400.0,-10.17,False,58.6,2.25,7.61,1.33,True,True,322,True,False,False,101160,월덱스,5258.7512705,12.19263425
8160.0,26900.0,-69.67,False,15.3,9.09,-12.54,2.08,True,True,322,False,False,False,101360,에코앤드림,1447.7896796,12.0605991
10780.0,19610.0,-45.03,False,63.8,-1.28,-0.28,0.54,False,True,322,False,False,False,003380,하림지주,12074.2059438,12.02586145
43000.0,105900.0,-59.4,False,12.4,-1.6,4.5,0.58,True,True,322,False,False,False,122870,와이지엔터테인먼트,8121.2607905,12.1307815
5170.0,16410.0,-68.49,False,97.8,-7.35,11.66,0.21,False,True,322,False,False,False,046120,오르비텍,1750.3258861,11.73269985
7100.0,21900.0,-67.58,False,95.4,7.74,3.2,1.28,True,True,273,False,False,False,484590,삼양컴텍,2913.578815,11.42122025
4555.0,9570.0,-52.4,False,85.9,15.32,16.2,3.78,True,True,322,False,False,False,220260,켐트로스,1440.0352695,11.71676766
18800.0,40000.0,-53.0,False,90.1,-2.99,23.6,0.3,True,True,322,False,False,False,032500,케이엠더블유,7936.2589581,11.6843197
1132.0,1794.0,-36.9,False,96.4,-9.15,-6.75,0.66,False,True,322,False,False,False,018000,유니슨,3319.04031549,11.54422104
37000.0,82300.0,-55.04,False,43.0,-3.77,9.14,0.78,True,True,322,False,False,False,035760,CJ ENM,8519.476329,11.5246565
30600.0,83000.0,-63.13,False,22.7,-0.65,-2.39,0.47,False,True,322,False,False,False,065350,신성델타테크,8465.055984,11.51843975
44000.0,46900.0,-6.18,False,84.5,-1.23,7.32,1.13,True,True,322,True,False,False,029460,케이씨,4843.5251325,11.470918
52500.0,112600.0,-53.37,False,74.2,-2.6,-12.5,0.95,False,False,322,False,False,False,011210,현대위아,14331.808741,11.358579
4055.0,6160.0,-34.17,False,89.2,0.62,12.64,1.37,True,True,322,False,False,False,417500,제이아이테크,1327.782132,11.2577909
6040.0,10410.0,-41.98,False,89.0,-4.58,6.71,0.3,False,True,322,False,False,False,125020,티씨머티리얼즈,2102.313,11.0468941
12450.0,21150.0,-41.13,False,98.7,4.18,16.36,1.45,True,True,322,False,False,False,094360,칩스앤미디어,2665.1381952,11.27212355
12380.0,29700.0,-58.32,False,74.9,16.35,14.63,1.97,True,True,322,False,False,False,187870,디바이스,1723.1425596,11.12966465
4540.0,9390.0,-51.65,False,63.9,8.1,15.67,0.93,True,True,322,False,False,True,039860,나노엔텍,1750.37578535,11.08736411
17780.0,76666.0,-76.81,False,65.9,-2.41,-2.84,0.58,False,False,322,False,False,False,484870,엠앤씨솔루션,4879.94409,10.9327982
48300.0,70700.0,-31.68,False,87.2,-10.72,-12.97,0.27,False,False,322,False,False,False,005090,SGC에너지,6945.298506,11.03864025
14930.0,34850.0,-57.16,False,53.3,-1.39,-1.13,0.62,False,False,322,False,False,False,112040,위메이드,5095.6672983,10.9503215
88600.0,202500.0,-56.25,False,12.0,-9.22,-7.9,0.44,False,False,322,False,False,False,006650,대한유화,5720.0,10.7946885
4650.0,10500.0,-55.71,False,59.0,-1.17,-1.8,1.73,False,True,322,False,False,False,058430,포스코스틸리온,2775.0,10.7860932
68700.0,89000.0,-22.81,False,96.4,0.0,2.69,0.58,True,False,322,False,False,False,383220,F&F,26470.188825,10.7294545
14820.0,19500.0,-24.0,False,0.0,-1.66,-4.69,1.67,False,False,322,False,False,False,000080,하이트진로,10344.7076225,10.7493825
42350.0,64800.0,-34.65,False,0.0,1.56,-2.64,1.02,False,False,322,False,False,False,031210,서울보증보험,29499.625155,10.6056995
10920.0,32150.0,-66.03,False,81.6,0.09,20.4,0.64,True,True,322,False,False,False,432720,퀄리타스반도체,1545.0265908,10.6979459
61300.0,80100.0,-23.47,False,47.5,1.16,-2.08,0.8,True,False,322,False,False,False,009450,경동나비엔,9017.958448,10.70893
4505.0,6812.0,-33.87,False,84.5,3.44,5.88,0.78,True,True,322,False,False,False,061970,LB세미콘,3143.2228191,10.66622871
36050.0,61300.0,-41.19,False,25.7,0.84,-6.12,0.74,False,False,322,False,False,False,302440,SK바이오사이언스,28401.272186,10.448398
5330.0,11370.0,-53.12,False,91.4,-5.66,14.13,0.13,True,True,322,False,False,False,158430,아톤,1307.3437128,10.3642227
41250.0,115000.0,-64.13,False,91.9,-3.73,8.7,0.31,True,True,322,False,False,False,389500,에스비비테크,2755.345672,10.230014
1118.0,3397.0,-67.09,False,59.8,0.72,-8.06,0.54,False,False,322,False,False,False,255220,SG,1668.24138616,10.24395325
12940.0,29950.0,-56.79,False,93.4,-3.43,8.74,0.77,True,True,322,False,False,False,368770,파이버프로,4261.1929825,10.1621883
13480.0,39700.0,-66.05,False,69.1,2.35,4.58,0.53,True,False,322,False,False,False,230240,에치에프알,1810.024,10.22097095
